year,hs_code,description,partner_country,partner_iso3,export_value_usd,net_weight_kg
2015,090111,"Coffee, not roasted, not decaffeinated (green Arabica/Robusta unspecified)",USA,USA,9360716.0,2620747.0
2015,090111,"Coffee, not roasted, not decaffeinated (green Arabica/Robusta unspecified)",Colombia,COL,4467989.0,2508750.0
2015,090111,"Coffee, not roasted, not decaffeinated (green Arabica/Robusta unspecified)",Cuba,CUB,2220462.0,529200.0
2015,090111,"Coffee, not roasted, not decaffeinated (green Arabica/Robusta unspecified)",Japan,JPN,887020.0,137445.0
2015,090111,"Coffee, not roasted, not decaffeinated (green Arabica/Robusta unspecified)",Germany,DEU,418400.0,108129.0
2015,090111,"Coffee, not roasted, not decaffeinated (green Arabica/Robusta unspecified)",France,FRA,348494.0,102499.0
2015,090111,"Coffee, not roasted, not decaffeinated (green Arabica/Robusta unspecified)",United Kingdom,GBR,110830.0,9198.0
2015,090111,"Coffee, not roasted, not decaffeinated (green Arabica/Robusta unspecified)",Canada,CAN,70825.0,21442.0
2015,090111,"Coffee, not roasted, not decaffeinated (green Arabica/Robusta unspecified)",Czechia,CZE,43510.0,18975.0
2015,090111,"Coffee, not roasted, not decaffeinated (green Arabica/Robusta unspecified)",China,CHN,43141.0,5727.0
2015,090111,"Coffee, not roasted, not decaffeinated (green Arabica/Robusta unspecified)",Argentina,ARG,35519.0,1500.0
2015,090111,"Coffee, not roasted, not decaffeinated (green Arabica/Robusta unspecified)",Australia,AUS,25480.0,3450.0
2015,090111,"Coffee, not roasted, not decaffeinated (green Arabica/Robusta unspecified)",Belgium,BEL,21164.0,2400.0
2015,090111,"Coffee, not roasted, not decaffeinated (green Arabica/Robusta unspecified)","Other Asia, nes",S19,14964.0,4140.0
2015,090111,"Coffee, not roasted, not decaffeinated (green Arabica/Robusta unspecified)",Rep. of Korea,KOR,5920.0,708.0
2015,090111,"Coffee, not roasted, not decaffeinated (green Arabica/Robusta unspecified)",Chile,CHL,4944.0,1725.0
2015,090111,"Coffee, not roasted, not decaffeinated (green Arabica/Robusta unspecified)",Spain,ESP,4428.0,1382.0
2015,090111,"Coffee, not roasted, not decaffeinated (green Arabica/Robusta unspecified)",Russian Federation,RUS,1211.0,113.0
2015,090111,"Coffee, not roasted, not decaffeinated (green Arabica/Robusta unspecified)","China, Hong Kong SAR",HKG,258.0,100.0
2015,090121,"Coffee, roasted, not decaffeinated",Chile,CHL,670627.0,89481.0
2015,090121,"Coffee, roasted, not decaffeinated",Colombia,COL,498499.0,249750.0
2015,090121,"Coffee, roasted, not decaffeinated",USA,USA,154327.0,8074.0
2015,090121,"Coffee, roasted, not decaffeinated",France,FRA,91588.0,6816.0
2015,090121,"Coffee, roasted, not decaffeinated",Japan,JPN,77650.0,9407.0
2015,090121,"Coffee, roasted, not decaffeinated",Argentina,ARG,48275.0,6050.0
2015,090121,"Coffee, roasted, not decaffeinated",Russian Federation,RUS,38308.0,5145.0
2015,090121,"Coffee, roasted, not decaffeinated",Canada,CAN,33724.0,2434.0
2015,090121,"Coffee, roasted, not decaffeinated",Germany,DEU,14075.0,1361.0
2015,090121,"Coffee, roasted, not decaffeinated",Netherlands,NLD,13908.0,1315.0
2015,090121,"Coffee, roasted, not decaffeinated",Czechia,CZE,5503.0,574.0
2015,090121,"Coffee, roasted, not decaffeinated",Italy,ITA,3840.0,222.0
2015,090121,"Coffee, roasted, not decaffeinated",Mexico,MEX,870.0,91.0
2015,090121,"Coffee, roasted, not decaffeinated",Rep. of Korea,KOR,500.0,100.0
2015,090121,"Coffee, roasted, not decaffeinated",Qatar,QAT,5.0,5.0
2015,090122,"Coffee, roasted, decaffeinated",Chile,CHL,23818.0,2589.0
2015,090190,Coffee husks/skins; coffee substitutes containing coffee,France,FRA,47840.0,3393.0
2015,090190,Coffee husks/skins; coffee substitutes containing coffee,USA,USA,42611.0,2350.0
2015,090190,Coffee husks/skins; coffee substitutes containing coffee,Chile,CHL,5813.0,697.0
2015,090190,Coffee husks/skins; coffee substitutes containing coffee,Russian Federation,RUS,608.0,65.0
2015,090190,Coffee husks/skins; coffee substitutes containing coffee,Mexico,MEX,295.0,92.0
2015,090190,Coffee husks/skins; coffee substitutes containing coffee,Italy,ITA,54.0,4.0
2015,210111,"Extracts, essences and concentrates of coffee",Germany,DEU,54581699.0,7512128.0
2015,210111,"Extracts, essences and concentrates of coffee",Poland,POL,29612077.0,4268237.0
2015,210111,"Extracts, essences and concentrates of coffee",Russian Federation,RUS,12266697.0,1689876.0
2015,210111,"Extracts, essences and concentrates of coffee",United Kingdom,GBR,5593785.0,875950.0
2015,210111,"Extracts, essences and concentrates of coffee",USA,USA,4416487.0,588869.0
2015,210111,"Extracts, essences and concentrates of coffee",Peru,PER,3443877.0,220199.0
2015,210111,"Extracts, essences and concentrates of coffee",Japan,JPN,3022395.0,376900.0
2015,210111,"Extracts, essences and concentrates of coffee",Netherlands,NLD,2504603.0,368550.0
2015,210111,"Extracts, essences and concentrates of coffee",Ukraine,UKR,2248224.0,368500.0
2015,210111,"Extracts, essences and concentrates of coffee",Mexico,MEX,1456823.0,237250.0
2015,210111,"Extracts, essences and concentrates of coffee",Colombia,COL,1221496.0,206300.0
2015,210111,"Extracts, essences and concentrates of coffee",Belgium,BEL,1190955.0,143500.0
2015,210111,"Extracts, essences and concentrates of coffee",Italy,ITA,899900.0,108500.0
2015,210111,"Extracts, essences and concentrates of coffee",Estonia,EST,865975.0,128750.0
2015,210111,"Extracts, essences and concentrates of coffee",Spain,ESP,571439.0,61000.0
2015,210111,"Extracts, essences and concentrates of coffee","Other Asia, nes",S19,518740.0,64250.0
2015,210111,"Extracts, essences and concentrates of coffee",Türkiye,TUR,467106.0,105000.0
2015,210111,"Extracts, essences and concentrates of coffee",Syria,SYR,424634.0,90000.0
2015,210111,"Extracts, essences and concentrates of coffee",Georgia,GEO,423075.0,55050.0
2015,210111,"Extracts, essences and concentrates of coffee",Czechia,CZE,388045.0,82845.0
2015,210111,"Extracts, essences and concentrates of coffee",Dominican Rep.,DOM,129461.0,13000.0
2015,210111,"Extracts, essences and concentrates of coffee",Egypt,EGY,96784.0,13050.0
2015,210111,"Extracts, essences and concentrates of coffee",Lebanon,LBN,93024.0,16320.0
2015,210111,"Extracts, essences and concentrates of coffee",South Africa,ZAF,58325.0,6525.0
2015,210111,"Extracts, essences and concentrates of coffee",France,FRA,53515.0,6525.0
2015,210111,"Extracts, essences and concentrates of coffee",Rep. of Korea,KOR,46395.0,5200.0
2015,210111,"Extracts, essences and concentrates of coffee",United Arab Emirates,ARE,43200.0,15000.0
2015,210111,"Extracts, essences and concentrates of coffee",China,CHN,234.0,24.0
2015,210112,Preparations based on extracts/essences/concentrates of coffee,Peru,PER,18640.0,2329.0
2016,090111,"Coffee, not roasted, not decaffeinated (green Arabica/Robusta unspecified)",USA,USA,12094085.0,3209676.0
2016,090111,"Coffee, not roasted, not decaffeinated (green Arabica/Robusta unspecified)",Colombia,COL,1872559.0,1115750.0
2016,090111,"Coffee, not roasted, not decaffeinated (green Arabica/Robusta unspecified)",Cuba,CUB,1235669.0,302400.0
2016,090111,"Coffee, not roasted, not decaffeinated (green Arabica/Robusta unspecified)",Germany,DEU,1000342.0,241929.0
2016,090111,"Coffee, not roasted, not decaffeinated (green Arabica/Robusta unspecified)",Japan,JPN,682344.0,110099.0
2016,090111,"Coffee, not roasted, not decaffeinated (green Arabica/Robusta unspecified)",France,FRA,367785.0,92767.0
2016,090111,"Coffee, not roasted, not decaffeinated (green Arabica/Robusta unspecified)",United Kingdom,GBR,162188.0,20700.0
2016,090111,"Coffee, not roasted, not decaffeinated (green Arabica/Robusta unspecified)",Australia,AUS,133757.0,13345.0
2016,090111,"Coffee, not roasted, not decaffeinated (green Arabica/Robusta unspecified)",Sweden,SWE,122713.0,17250.0
2016,090111,"Coffee, not roasted, not decaffeinated (green Arabica/Robusta unspecified)",Canada,CAN,72479.0,19743.0
2016,090111,"Coffee, not roasted, not decaffeinated (green Arabica/Robusta unspecified)","Other Asia, nes",S19,58457.0,4276.0
2016,090111,"Coffee, not roasted, not decaffeinated (green Arabica/Robusta unspecified)",Rep. of Korea,KOR,27206.0,3924.0
2016,090111,"Coffee, not roasted, not decaffeinated (green Arabica/Robusta unspecified)",Chile,CHL,19603.0,6655.0
2016,090111,"Coffee, not roasted, not decaffeinated (green Arabica/Robusta unspecified)",Peru,PER,4084.0,2553.0
2016,090112,"Coffee, not roasted, decaffeinated",Chile,CHL,2570.0,296.0
2016,090121,"Coffee, roasted, not decaffeinated",USA,USA,527053.0,48164.0
2016,090121,"Coffee, roasted, not decaffeinated",Chile,CHL,330983.0,41811.0
2016,090121,"Coffee, roasted, not decaffeinated",Japan,JPN,72000.0,9280.0
2016,090121,"Coffee, roasted, not decaffeinated",France,FRA,39735.0,5432.0
2016,090121,"Coffee, roasted, not decaffeinated",Russian Federation,RUS,32860.0,3958.0
2016,090121,"Coffee, roasted, not decaffeinated",Canada,CAN,25698.0,2769.0
2016,090121,"Coffee, roasted, not decaffeinated",Netherlands,NLD,8918.0,1243.0
2016,090121,"Coffee, roasted, not decaffeinated",Czechia,CZE,4858.0,450.0
2016,090121,"Coffee, roasted, not decaffeinated","China, Hong Kong SAR",HKG,3135.0,250.0
2016,090121,"Coffee, roasted, not decaffeinated",Switzerland,CHE,1166.0,382.0
2016,090122,"Coffee, roasted, decaffeinated",Chile,CHL,31807.0,3181.0
2016,090190,Coffee husks/skins; coffee substitutes containing coffee,USA,USA,84512.0,10708.0
2016,090190,Coffee husks/skins; coffee substitutes containing coffee,Mexico,MEX,1560.0,237.0
2016,210111,"Extracts, essences and concentrates of coffee",Germany,DEU,43650957.0,7138129.0
2016,210111,"Extracts, essences and concentrates of coffee",Russian Federation,RUS,41469066.0,5980953.0
2016,210111,"Extracts, essences and concentrates of coffee",Poland,POL,11475244.0,1838636.0
2016,210111,"Extracts, essences and concentrates of coffee",Mexico,MEX,7763649.0,1182250.0
2016,210111,"Extracts, essences and concentrates of coffee",Ukraine,UKR,4648049.0,737000.0
2016,210111,"Extracts, essences and concentrates of coffee",Peru,PER,4384536.0,272890.0
2016,210111,"Extracts, essences and concentrates of coffee",Japan,JPN,2985161.0,396475.0
2016,210111,"Extracts, essences and concentrates of coffee",Netherlands,NLD,2074322.0,301625.0
2016,210111,"Extracts, essences and concentrates of coffee",Türkiye,TUR,1829575.0,286650.0
2016,210111,"Extracts, essences and concentrates of coffee",Belgium,BEL,1511768.0,192050.0
2016,210111,"Extracts, essences and concentrates of coffee",Estonia,EST,1429780.0,234500.0
2016,210111,"Extracts, essences and concentrates of coffee",Colombia,COL,1314235.0,186525.0
2016,210111,"Extracts, essences and concentrates of coffee",United Kingdom,GBR,834275.0,108000.0
2016,210111,"Extracts, essences and concentrates of coffee",Spain,ESP,773902.0,106820.0
2016,210111,"Extracts, essences and concentrates of coffee",Brazil,BRA,705594.0,83750.0
2016,210111,"Extracts, essences and concentrates of coffee",Italy,ITA,502800.0,62000.0
2016,210111,"Extracts, essences and concentrates of coffee",USA,USA,431373.0,66620.0
2016,210111,"Extracts, essences and concentrates of coffee",Georgia,GEO,395775.0,50250.0
2016,210111,"Extracts, essences and concentrates of coffee","Other Asia, nes",S19,374790.0,46000.0
2016,210111,"Extracts, essences and concentrates of coffee",Rep. of Korea,KOR,291840.0,36400.0
2016,210111,"Extracts, essences and concentrates of coffee",Czechia,CZE,250638.0,46320.0
2016,210111,"Extracts, essences and concentrates of coffee",Iran,IRN,167417.0,23275.0
2016,210111,"Extracts, essences and concentrates of coffee",Dominican Rep.,DOM,131388.0,14250.0
2016,210111,"Extracts, essences and concentrates of coffee",United Arab Emirates,ARE,92655.0,13050.0
2016,210111,"Extracts, essences and concentrates of coffee",Chile,CHL,28080.0,810.0
2016,210111,"Extracts, essences and concentrates of coffee",France,FRA,18620.0,3325.0
2016,210111,"Extracts, essences and concentrates of coffee",Canada,CAN,437.0,83.0
2016,210112,Preparations based on extracts/essences/concentrates of coffee,Mexico,MEX,20637.0,7800.0
2017,090111,"Coffee, not roasted, not decaffeinated (green Arabica/Robusta unspecified)",USA,USA,7124617.39,1676831.94
2017,090111,"Coffee, not roasted, not decaffeinated (green Arabica/Robusta unspecified)",Colombia,COL,4457734.26,2436900.0
2017,090111,"Coffee, not roasted, not decaffeinated (green Arabica/Robusta unspecified)",Cuba,CUB,1189005.24,268800.0
2017,090111,"Coffee, not roasted, not decaffeinated (green Arabica/Robusta unspecified)",France,FRA,1151981.61,214088.0
2017,090111,"Coffee, not roasted, not decaffeinated (green Arabica/Robusta unspecified)",Germany,DEU,1058656.15,126475.0
2017,090111,"Coffee, not roasted, not decaffeinated (green Arabica/Robusta unspecified)",Japan,JPN,878905.41,126035.0
2017,090111,"Coffee, not roasted, not decaffeinated (green Arabica/Robusta unspecified)",Belgium,BEL,507058.0,28888.0
2017,090111,"Coffee, not roasted, not decaffeinated (green Arabica/Robusta unspecified)",Chile,CHL,120970.4,19184.0
2017,090111,"Coffee, not roasted, not decaffeinated (green Arabica/Robusta unspecified)",Peru,PER,103175.28,120000.0
2017,090111,"Coffee, not roasted, not decaffeinated (green Arabica/Robusta unspecified)",United Kingdom,GBR,86530.32,7013.03
2017,090111,"Coffee, not roasted, not decaffeinated (green Arabica/Robusta unspecified)","Other Asia, nes",S19,74317.1,8197.0
2017,090111,"Coffee, not roasted, not decaffeinated (green Arabica/Robusta unspecified)",Rep. of Korea,KOR,58537.7,4131.5
2017,090111,"Coffee, not roasted, not decaffeinated (green Arabica/Robusta unspecified)",Italy,ITA,27811.94,4710.0
2017,090111,"Coffee, not roasted, not decaffeinated (green Arabica/Robusta unspecified)",Canada,CAN,25641.0,2100.0
2017,090111,"Coffee, not roasted, not decaffeinated (green Arabica/Robusta unspecified)",Netherlands,NLD,7299.48,1017.0
2017,090111,"Coffee, not roasted, not decaffeinated (green Arabica/Robusta unspecified)",Australia,AUS,4500.0,2993.0
2017,090111,"Coffee, not roasted, not decaffeinated (green Arabica/Robusta unspecified)",China,CHN,4175.0,367.0
2017,090111,"Coffee, not roasted, not decaffeinated (green Arabica/Robusta unspecified)",Russian Federation,RUS,3105.0,1000.0
2017,090111,"Coffee, not roasted, not decaffeinated (green Arabica/Robusta unspecified)",Denmark,DNK,2255.0,950.0
2017,090111,"Coffee, not roasted, not decaffeinated (green Arabica/Robusta unspecified)",Switzerland,CHE,1204.86,40.0
2017,090111,"Coffee, not roasted, not decaffeinated (green Arabica/Robusta unspecified)",Brazil,BRA,58.82,9.06
2017,090121,"Coffee, roasted, not decaffeinated",Chile,CHL,351568.64,48443.97
2017,090121,"Coffee, roasted, not decaffeinated",USA,USA,92146.72,9560.94
2017,090121,"Coffee, roasted, not decaffeinated",Canada,CAN,37190.59,4927.05
2017,090121,"Coffee, roasted, not decaffeinated",Russian Federation,RUS,32014.84,1438.92
2017,090121,"Coffee, roasted, not decaffeinated",Czechia,CZE,9112.1,833.8
2017,090121,"Coffee, roasted, not decaffeinated",Germany,DEU,4925.61,504.0
2017,090121,"Coffee, roasted, not decaffeinated",Netherlands,NLD,2380.0,212.32
2017,090121,"Coffee, roasted, not decaffeinated","Other Asia, nes",S19,846.0,102.0
2017,090121,"Coffee, roasted, not decaffeinated",Switzerland,CHE,235.0,45.28
2017,090121,"Coffee, roasted, not decaffeinated",Rep. of Korea,KOR,36.0,6.26
2017,090121,"Coffee, roasted, not decaffeinated",Japan,JPN,4.8,6.7
2017,090122,"Coffee, roasted, decaffeinated",Chile,CHL,30954.0,3350.0
2017,090122,"Coffee, roasted, decaffeinated",Kuwait,KWT,1235.0,67.06
2017,090190,Coffee husks/skins; coffee substitutes containing coffee,USA,USA,35488.94,12017.68
2017,090190,Coffee husks/skins; coffee substitutes containing coffee,Russian Federation,RUS,7300.0,1.0
2017,090190,Coffee husks/skins; coffee substitutes containing coffee,Canada,CAN,6488.06,322.56
2017,210111,"Extracts, essences and concentrates of coffee",Germany,DEU,51248819.72,7389980.36
2017,210111,"Extracts, essences and concentrates of coffee",Russian Federation,RUS,22842289.72,3382640.0
2017,210111,"Extracts, essences and concentrates of coffee",Poland,POL,5432402.23,758095.0
2017,210111,"Extracts, essences and concentrates of coffee",Peru,PER,4146023.27,263201.4
2017,210111,"Extracts, essences and concentrates of coffee",Japan,JPN,3118688.14,371050.0
2017,210111,"Extracts, essences and concentrates of coffee",Netherlands,NLD,2167616.9,271900.0
2017,210111,"Extracts, essences and concentrates of coffee",Colombia,COL,1785154.14,242625.0
2017,210111,"Extracts, essences and concentrates of coffee",Mexico,MEX,1730960.0,344000.0
2017,210111,"Extracts, essences and concentrates of coffee",Türkiye,TUR,1372323.82,220075.0
2017,210111,"Extracts, essences and concentrates of coffee",United Kingdom,GBR,1321359.97,157650.0
2017,210111,"Extracts, essences and concentrates of coffee",Ukraine,UKR,1317205.27,201000.0
2017,210111,"Extracts, essences and concentrates of coffee",USA,USA,1130937.94,153512.84
2017,210111,"Extracts, essences and concentrates of coffee",Belgium,BEL,972989.5,106790.0
2017,210111,"Extracts, essences and concentrates of coffee",Italy,ITA,638850.0,75500.0
2017,210111,"Extracts, essences and concentrates of coffee",Spain,ESP,585757.0,61000.0
2017,210111,"Extracts, essences and concentrates of coffee","Other Asia, nes",S19,500673.0,57500.0
2017,210111,"Extracts, essences and concentrates of coffee",Rep. of Korea,KOR,453100.0,49800.0
2017,210111,"Extracts, essences and concentrates of coffee",Iran,IRN,353341.88,40025.0
2017,210111,"Extracts, essences and concentrates of coffee",Estonia,EST,291450.0,33500.0
2017,210111,"Extracts, essences and concentrates of coffee",South Africa,ZAF,133866.25,13550.0
2017,210111,"Extracts, essences and concentrates of coffee",Slovakia,SVK,101478.0,15600.0
2017,210111,"Extracts, essences and concentrates of coffee",Czechia,CZE,98736.0,16320.0
2017,210111,"Extracts, essences and concentrates of coffee",Dominican Rep.,DOM,95875.15,9500.0
2017,210111,"Extracts, essences and concentrates of coffee",China,CHN,45022.5,6525.0
2017,210111,"Extracts, essences and concentrates of coffee",Chile,CHL,16508.87,1656.0
2017,210112,Preparations based on extracts/essences/concentrates of coffee,Paraguay,PRY,1344.0,40.5
2017,210112,Preparations based on extracts/essences/concentrates of coffee,Netherlands,NLD,1.15,0.38
2018,090111,"Coffee, not roasted, not decaffeinated (green Arabica/Robusta unspecified)",Colombia,COL,6548523.65,3490639.0
2018,090111,"Coffee, not roasted, not decaffeinated (green Arabica/Robusta unspecified)",France,FRA,1444566.59,265477.9
2018,090111,"Coffee, not roasted, not decaffeinated (green Arabica/Robusta unspecified)",USA,USA,1137279.04,125584.24
2018,090111,"Coffee, not roasted, not decaffeinated (green Arabica/Robusta unspecified)",Japan,JPN,1012564.23,148337.34
2018,090111,"Coffee, not roasted, not decaffeinated (green Arabica/Robusta unspecified)",Germany,DEU,883202.14,115148.0
2018,090111,"Coffee, not roasted, not decaffeinated (green Arabica/Robusta unspecified)",Cuba,CUB,738994.48,189720.0
2018,090111,"Coffee, not roasted, not decaffeinated (green Arabica/Robusta unspecified)",Belgium,BEL,242506.0,13750.0
2018,090111,"Coffee, not roasted, not decaffeinated (green Arabica/Robusta unspecified)",Australia,AUS,241457.77,21924.1
2018,090111,"Coffee, not roasted, not decaffeinated (green Arabica/Robusta unspecified)","Other Asia, nes",S19,194703.62,20341.48
2018,090111,"Coffee, not roasted, not decaffeinated (green Arabica/Robusta unspecified)",United Kingdom,GBR,133636.98,11941.45
2018,090111,"Coffee, not roasted, not decaffeinated (green Arabica/Robusta unspecified)",China,CHN,65410.48,7226.0
2018,090111,"Coffee, not roasted, not decaffeinated (green Arabica/Robusta unspecified)",Rep. of Korea,KOR,50299.0,3514.92
2018,090111,"Coffee, not roasted, not decaffeinated (green Arabica/Robusta unspecified)",Chile,CHL,36095.21,13662.0
2018,090111,"Coffee, not roasted, not decaffeinated (green Arabica/Robusta unspecified)",United Arab Emirates,ARE,14953.85,1729.63
2018,090111,"Coffee, not roasted, not decaffeinated (green Arabica/Robusta unspecified)",Canada,CAN,8267.25,625.0
2018,090111,"Coffee, not roasted, not decaffeinated (green Arabica/Robusta unspecified)",Denmark,DNK,6095.0,2518.0
2018,090111,"Coffee, not roasted, not decaffeinated (green Arabica/Robusta unspecified)",Netherlands,NLD,5533.8,1104.0
2018,090111,"Coffee, not roasted, not decaffeinated (green Arabica/Robusta unspecified)",Spain,ESP,2801.0,422.0
2018,090111,"Coffee, not roasted, not decaffeinated (green Arabica/Robusta unspecified)",Switzerland,CHE,1625.8,117.0
2018,090121,"Coffee, roasted, not decaffeinated",Chile,CHL,598200.73,81536.9
2018,090121,"Coffee, roasted, not decaffeinated",Japan,JPN,144000.0,18282.0
2018,090121,"Coffee, roasted, not decaffeinated",USA,USA,122443.48,14527.89
2018,090121,"Coffee, roasted, not decaffeinated",Canada,CAN,92327.03,13705.77
2018,090121,"Coffee, roasted, not decaffeinated",Russian Federation,RUS,16639.8,2011.9
2018,090121,"Coffee, roasted, not decaffeinated",Norway,NOR,11880.0,2000.0
2018,090121,"Coffee, roasted, not decaffeinated","Other Asia, nes",S19,1005.0,65.1
2018,090121,"Coffee, roasted, not decaffeinated",Czechia,CZE,966.0,84.0
2018,090121,"Coffee, roasted, not decaffeinated",United Kingdom,GBR,900.0,208.34
2018,090121,"Coffee, roasted, not decaffeinated",France,FRA,618.0,50.0
2018,090121,"Coffee, roasted, not decaffeinated",Netherlands,NLD,531.7,34.68
2018,090121,"Coffee, roasted, not decaffeinated",Spain,ESP,12.0,2.04
2018,090121,"Coffee, roasted, not decaffeinated",China,CHN,9.72,14.8
2018,090122,"Coffee, roasted, decaffeinated",Chile,CHL,39270.0,4250.0
2018,090122,"Coffee, roasted, decaffeinated",USA,USA,15495.0,1360.5
2018,090122,"Coffee, roasted, decaffeinated",Kuwait,KWT,447.5,28.3
2018,090190,Coffee husks/skins; coffee substitutes containing coffee,Spain,ESP,113590.0,48800.0
2018,090190,Coffee husks/skins; coffee substitutes containing coffee,USA,USA,29565.17,3673.34
2018,090190,Coffee husks/skins; coffee substitutes containing coffee,Russian Federation,RUS,300.0,25.5
2018,090190,Coffee husks/skins; coffee substitutes containing coffee,United Arab Emirates,ARE,32.76,15.0
2018,090190,Coffee husks/skins; coffee substitutes containing coffee,China,CHN,10.0,28.0
2018,090190,Coffee husks/skins; coffee substitutes containing coffee,Qatar,QAT,5.0,5.0
2018,210111,"Extracts, essences and concentrates of coffee",Germany,DEU,35031704.48,5143075.0
2018,210111,"Extracts, essences and concentrates of coffee",Russian Federation,RUS,11764655.5,1699470.0
2018,210111,"Extracts, essences and concentrates of coffee",Peru,PER,5169549.92,314100.5
2018,210111,"Extracts, essences and concentrates of coffee",Japan,JPN,3855764.25,418184.0
2018,210111,"Extracts, essences and concentrates of coffee",Colombia,COL,2219128.8,313914.3
2018,210111,"Extracts, essences and concentrates of coffee",Netherlands,NLD,1841835.86,249700.0
2018,210111,"Extracts, essences and concentrates of coffee",Belgium,BEL,1726412.5,228750.0
2018,210111,"Extracts, essences and concentrates of coffee",United Kingdom,GBR,1517000.0,208650.0
2018,210111,"Extracts, essences and concentrates of coffee",Ukraine,UKR,1169851.75,167500.0
2018,210111,"Extracts, essences and concentrates of coffee",Poland,POL,1090379.06,154575.0
2018,210111,"Extracts, essences and concentrates of coffee",Türkiye,TUR,857925.39,150275.0
2018,210111,"Extracts, essences and concentrates of coffee",Italy,ITA,618457.98,75700.0
2018,210111,"Extracts, essences and concentrates of coffee","Other Asia, nes",S19,618437.5,59250.0
2018,210111,"Extracts, essences and concentrates of coffee",Spain,ESP,427706.2,47372.05
2018,210111,"Extracts, essences and concentrates of coffee",Iran,IRN,368500.0,50250.0
2018,210111,"Extracts, essences and concentrates of coffee",Mexico,MEX,356700.0,90000.0
2018,210111,"Extracts, essences and concentrates of coffee",Estonia,EST,256275.0,33500.0
2018,210111,"Extracts, essences and concentrates of coffee",Rep. of Korea,KOR,147240.0,13650.0
2018,210111,"Extracts, essences and concentrates of coffee",Dominican Rep.,DOM,126750.0,13000.0
2018,210111,"Extracts, essences and concentrates of coffee",USA,USA,56826.79,4836.1
2018,210111,"Extracts, essences and concentrates of coffee",Syria,SYR,52500.0,15000.0
2018,210111,"Extracts, essences and concentrates of coffee",Jordan,JOR,45424.37,6175.0
2018,210111,"Extracts, essences and concentrates of coffee",Czechia,CZE,40950.0,7500.0
2018,210111,"Extracts, essences and concentrates of coffee",France,FRA,32060.0,5725.0
2018,210111,"Extracts, essences and concentrates of coffee",Canada,CAN,12976.12,2607.3
2018,210111,"Extracts, essences and concentrates of coffee",Jamaica,JAM,6717.88,48.0
2018,210111,"Extracts, essences and concentrates of coffee",New Zealand,NZL,385.0,50.0
2018,210112,Preparations based on extracts/essences/concentrates of coffee,USA,USA,691.2,67.5
2018,210112,Preparations based on extracts/essences/concentrates of coffee,Peru,PER,256.0,22.0
2018,210112,Preparations based on extracts/essences/concentrates of coffee,Panama,PAN,252.72,26.3
2018,210112,Preparations based on extracts/essences/concentrates of coffee,Netherlands,NLD,69.89,4.29
2019,090111,"Coffee, not roasted, not decaffeinated (green Arabica/Robusta unspecified)",USA,USA,1767646.55,219177.66
2019,090111,"Coffee, not roasted, not decaffeinated (green Arabica/Robusta unspecified)",Germany,DEU,1427041.06,191907.0
2019,090111,"Coffee, not roasted, not decaffeinated (green Arabica/Robusta unspecified)",Japan,JPN,1256736.99,160017.53
2019,090111,"Coffee, not roasted, not decaffeinated (green Arabica/Robusta unspecified)",France,FRA,1247789.55,218939.0
2019,090111,"Coffee, not roasted, not decaffeinated (green Arabica/Robusta unspecified)",Colombia,COL,1210459.25,699152.5
2019,090111,"Coffee, not roasted, not decaffeinated (green Arabica/Robusta unspecified)",Cuba,CUB,281279.4,84780.0
2019,090111,"Coffee, not roasted, not decaffeinated (green Arabica/Robusta unspecified)",United Kingdom,GBR,175142.83,16429.0
2019,090111,"Coffee, not roasted, not decaffeinated (green Arabica/Robusta unspecified)",Rep. of Korea,KOR,132918.44,9512.3
2019,090111,"Coffee, not roasted, not decaffeinated (green Arabica/Robusta unspecified)","Other Asia, nes",S19,127131.04,11526.75
2019,090111,"Coffee, not roasted, not decaffeinated (green Arabica/Robusta unspecified)",China,CHN,59864.82,8394.73
2019,090111,"Coffee, not roasted, not decaffeinated (green Arabica/Robusta unspecified)",Chile,CHL,38303.29,12568.0
2019,090111,"Coffee, not roasted, not decaffeinated (green Arabica/Robusta unspecified)",United Arab Emirates,ARE,38005.4,6651.0
2019,090111,"Coffee, not roasted, not decaffeinated (green Arabica/Robusta unspecified)",Canada,CAN,26786.53,7498.2
2019,090111,"Coffee, not roasted, not decaffeinated (green Arabica/Robusta unspecified)",Switzerland,CHE,20536.0,1380.0
2019,090111,"Coffee, not roasted, not decaffeinated (green Arabica/Robusta unspecified)",Australia,AUS,13782.46,910.0
2019,090111,"Coffee, not roasted, not decaffeinated (green Arabica/Robusta unspecified)",Russian Federation,RUS,12358.04,1717.31
2019,090111,"Coffee, not roasted, not decaffeinated (green Arabica/Robusta unspecified)",Italy,ITA,11043.12,2270.07
2019,090111,"Coffee, not roasted, not decaffeinated (green Arabica/Robusta unspecified)",Czechia,CZE,10820.0,2800.0
2019,090111,"Coffee, not roasted, not decaffeinated (green Arabica/Robusta unspecified)",Netherlands,NLD,4968.0,1035.0
2019,090111,"Coffee, not roasted, not decaffeinated (green Arabica/Robusta unspecified)",New Zealand,NZL,4680.01,510.0
2019,090111,"Coffee, not roasted, not decaffeinated (green Arabica/Robusta unspecified)",Denmark,DNK,3953.52,459.0
2019,090111,"Coffee, not roasted, not decaffeinated (green Arabica/Robusta unspecified)","China, Hong Kong SAR",HKG,2777.88,60.0
2019,090111,"Coffee, not roasted, not decaffeinated (green Arabica/Robusta unspecified)",Argentina,ARG,1898.0,208.0
2019,090121,"Coffee, roasted, not decaffeinated",Chile,CHL,843940.92,128924.44
2019,090121,"Coffee, roasted, not decaffeinated",USA,USA,120783.3,11299.28
2019,090121,"Coffee, roasted, not decaffeinated",China,CHN,117041.86,17820.0
2019,090121,"Coffee, roasted, not decaffeinated",Canada,CAN,54747.6,9202.4
2019,090121,"Coffee, roasted, not decaffeinated",United Arab Emirates,ARE,39997.2,3019.83
2019,090121,"Coffee, roasted, not decaffeinated",France,FRA,28291.7,2116.0
2019,090121,"Coffee, roasted, not decaffeinated",Russian Federation,RUS,12816.18,1516.42
2019,090121,"Coffee, roasted, not decaffeinated",Germany,DEU,11166.02,1196.8
2019,090121,"Coffee, roasted, not decaffeinated",Czechia,CZE,2349.6,264.0
2019,090121,"Coffee, roasted, not decaffeinated",Bulgaria,BGR,1323.0,61.2
2019,090121,"Coffee, roasted, not decaffeinated",Netherlands,NLD,1044.96,80.8
2019,090122,"Coffee, roasted, decaffeinated",Chile,CHL,93812.0,18515.36
2019,090122,"Coffee, roasted, decaffeinated",Spain,ESP,25.4,20.0
2019,090122,"Coffee, roasted, decaffeinated",Switzerland,CHE,7.05,2.0
2019,090190,Coffee husks/skins; coffee substitutes containing coffee,USA,USA,25202.59,4543.89
2019,090190,Coffee husks/skins; coffee substitutes containing coffee,Canada,CAN,12936.0,980.0
2019,090190,Coffee husks/skins; coffee substitutes containing coffee,Chile,CHL,1943.76,122.5
2019,210111,"Extracts, essences and concentrates of coffee",Russian Federation,RUS,25103657.24,3946010.0
2019,210111,"Extracts, essences and concentrates of coffee",Germany,DEU,22336606.33,3901486.7
2019,210111,"Extracts, essences and concentrates of coffee",Peru,PER,4227914.78,272530.0
2019,210111,"Extracts, essences and concentrates of coffee",Japan,JPN,3145069.55,350541.8
2019,210111,"Extracts, essences and concentrates of coffee",Netherlands,NLD,2525469.49,378775.0
2019,210111,"Extracts, essences and concentrates of coffee",Poland,POL,2412960.72,473775.0
2019,210111,"Extracts, essences and concentrates of coffee",United Kingdom,GBR,2266235.82,364665.0
2019,210111,"Extracts, essences and concentrates of coffee",Colombia,COL,1767641.75,262641.6
2019,210111,"Extracts, essences and concentrates of coffee",United Arab Emirates,ARE,1387750.0,231000.0
2019,210111,"Extracts, essences and concentrates of coffee",Türkiye,TUR,1342094.84,236600.0
2019,210111,"Extracts, essences and concentrates of coffee",Ukraine,UKR,1180241.42,167500.0
2019,210111,"Extracts, essences and concentrates of coffee",Belgium,BEL,908125.03,135275.0
2019,210111,"Extracts, essences and concentrates of coffee","Other Asia, nes",S19,569305.84,56000.0
2019,210111,"Extracts, essences and concentrates of coffee",Italy,ITA,347475.0,45500.0
2019,210111,"Extracts, essences and concentrates of coffee",Mexico,MEX,241500.0,75000.0
2019,210111,"Extracts, essences and concentrates of coffee",Rep. of Korea,KOR,160849.0,15600.0
2019,210111,"Extracts, essences and concentrates of coffee",Spain,ESP,149600.6,15540.0
2019,210111,"Extracts, essences and concentrates of coffee",Dominican Rep.,DOM,121648.8,13000.0
2019,210111,"Extracts, essences and concentrates of coffee",China,CHN,120705.72,16750.0
2019,210111,"Extracts, essences and concentrates of coffee",Latvia,LVA,116747.5,16750.0
2019,210111,"Extracts, essences and concentrates of coffee",Estonia,EST,115575.0,16750.0
2019,210111,"Extracts, essences and concentrates of coffee",Czechia,CZE,107250.0,21750.0
2019,210111,"Extracts, essences and concentrates of coffee",USA,USA,61154.2,2400.28
2019,210111,"Extracts, essences and concentrates of coffee",South Africa,ZAF,53204.27,6525.0
2019,210111,"Extracts, essences and concentrates of coffee",Syria,SYR,50250.0,15000.0
2019,210111,"Extracts, essences and concentrates of coffee",New Zealand,NZL,41805.15,6525.0
2019,210111,"Extracts, essences and concentrates of coffee",Romania,ROU,35100.0,6750.0
2019,210111,"Extracts, essences and concentrates of coffee",Brazil,BRA,26716.8,4048.0
2019,210111,"Extracts, essences and concentrates of coffee",Canada,CAN,6488.06,1400.0
2019,210112,Preparations based on extracts/essences/concentrates of coffee,USA,USA,396.72,22.35
2019,210112,Preparations based on extracts/essences/concentrates of coffee,Germany,DEU,257.37,13.6
2019,210112,Preparations based on extracts/essences/concentrates of coffee,Netherlands,NLD,61.64,2.57
2020,090111,"Coffee, not roasted, not decaffeinated (green Arabica/Robusta unspecified)",USA,USA,1849747.32,212040.51
2020,090111,"Coffee, not roasted, not decaffeinated (green Arabica/Robusta unspecified)",Colombia,COL,1475008.28,850450.0
2020,090111,"Coffee, not roasted, not decaffeinated (green Arabica/Robusta unspecified)",Japan,JPN,1442250.11,183196.1
2020,090111,"Coffee, not roasted, not decaffeinated (green Arabica/Robusta unspecified)",Germany,DEU,1412992.29,202566.8
2020,090111,"Coffee, not roasted, not decaffeinated (green Arabica/Robusta unspecified)",France,FRA,1033551.61,174839.88
2020,090111,"Coffee, not roasted, not decaffeinated (green Arabica/Robusta unspecified)",Belgium,BEL,568786.8,43000.0
2020,090111,"Coffee, not roasted, not decaffeinated (green Arabica/Robusta unspecified)",Canada,CAN,222627.5,39023.8
2020,090111,"Coffee, not roasted, not decaffeinated (green Arabica/Robusta unspecified)",Rep. of Korea,KOR,171247.96,13606.65
2020,090111,"Coffee, not roasted, not decaffeinated (green Arabica/Robusta unspecified)",United Kingdom,GBR,133294.79,9899.51
2020,090111,"Coffee, not roasted, not decaffeinated (green Arabica/Robusta unspecified)",Australia,AUS,99780.54,6741.01
2020,090111,"Coffee, not roasted, not decaffeinated (green Arabica/Robusta unspecified)","Other Asia, nes",S19,92290.72,9039.0
2020,090111,"Coffee, not roasted, not decaffeinated (green Arabica/Robusta unspecified)",Sweden,SWE,68470.26,9574.0
2020,090111,"Coffee, not roasted, not decaffeinated (green Arabica/Robusta unspecified)",China,CHN,53300.51,5070.0
2020,090111,"Coffee, not roasted, not decaffeinated (green Arabica/Robusta unspecified)",Switzerland,CHE,26785.89,1840.0
2020,090111,"Coffee, not roasted, not decaffeinated (green Arabica/Robusta unspecified)",Spain,ESP,26713.4,8510.98
2020,090111,"Coffee, not roasted, not decaffeinated (green Arabica/Robusta unspecified)",Russian Federation,RUS,6208.0,763.08
2020,090111,"Coffee, not roasted, not decaffeinated (green Arabica/Robusta unspecified)",Denmark,DNK,5750.0,2404.0
2020,090111,"Coffee, not roasted, not decaffeinated (green Arabica/Robusta unspecified)",Netherlands,NLD,5680.08,1035.0
2020,090111,"Coffee, not roasted, not decaffeinated (green Arabica/Robusta unspecified)",Italy,ITA,5021.11,1326.5
2020,090111,"Coffee, not roasted, not decaffeinated (green Arabica/Robusta unspecified)","China, Hong Kong SAR",HKG,3250.0,150.0
2020,090111,"Coffee, not roasted, not decaffeinated (green Arabica/Robusta unspecified)",Czechia,CZE,2400.0,675.0
2020,090111,"Coffee, not roasted, not decaffeinated (green Arabica/Robusta unspecified)",Argentina,ARG,2250.0,312.0
2020,090111,"Coffee, not roasted, not decaffeinated (green Arabica/Robusta unspecified)",United Arab Emirates,ARE,1107.7,170.0
2020,090112,"Coffee, not roasted, decaffeinated",Chile,CHL,16640.0,2000.0
2020,090112,"Coffee, not roasted, decaffeinated",Paraguay,PRY,8325.23,568.47
2020,090112,"Coffee, not roasted, decaffeinated","Areas, nes",_X ,561.28,51.0
2020,090112,"Coffee, not roasted, decaffeinated",Netherlands,NLD,108.7,54.35
2020,090121,"Coffee, roasted, not decaffeinated",Chile,CHL,921601.2,140197.12
2020,090121,"Coffee, roasted, not decaffeinated",USA,USA,68239.13,7559.53
2020,090121,"Coffee, roasted, not decaffeinated",Russian Federation,RUS,67923.46,16415.23
2020,090121,"Coffee, roasted, not decaffeinated",Sweden,SWE,16705.04,1968.0
2020,090121,"Coffee, roasted, not decaffeinated",Spain,ESP,16212.56,1126.0
2020,090121,"Coffee, roasted, not decaffeinated",Panama,PAN,15574.0,2402.5
2020,090121,"Coffee, roasted, not decaffeinated",Netherlands,NLD,4625.68,328.22
2020,090121,"Coffee, roasted, not decaffeinated",United Arab Emirates,ARE,4500.0,319.0
2020,090121,"Coffee, roasted, not decaffeinated",Canada,CAN,2862.48,289.0
2020,090121,"Coffee, roasted, not decaffeinated",Switzerland,CHE,2712.0,175.0
2020,090121,"Coffee, roasted, not decaffeinated",France,FRA,1125.0,7.39
2020,090121,"Coffee, roasted, not decaffeinated",United Kingdom,GBR,1120.0,84.5
2020,090121,"Coffee, roasted, not decaffeinated",Czechia,CZE,351.0,9.68
2020,090121,"Coffee, roasted, not decaffeinated",Japan,JPN,0.03,0.0
2020,090190,Coffee husks/skins; coffee substitutes containing coffee,USA,USA,47997.56,4102.0
2020,090190,Coffee husks/skins; coffee substitutes containing coffee,Peru,PER,7750.0,1000.0
2020,090190,Coffee husks/skins; coffee substitutes containing coffee,Panama,PAN,450.0,30.0
2020,090190,Coffee husks/skins; coffee substitutes containing coffee,Netherlands,NLD,201.6,7.8
2020,210111,"Extracts, essences and concentrates of coffee",Russian Federation,RUS,19681770.24,3165070.0
2020,210111,"Extracts, essences and concentrates of coffee",Germany,DEU,16609210.69,3033565.0
2020,210111,"Extracts, essences and concentrates of coffee",Peru,PER,4998446.31,325126.69
2020,210111,"Extracts, essences and concentrates of coffee",United Kingdom,GBR,3455242.51,542120.0
2020,210111,"Extracts, essences and concentrates of coffee",Belgium,BEL,2230502.6,356930.32
2020,210111,"Extracts, essences and concentrates of coffee",Colombia,COL,2195674.11,361601.8
2020,210111,"Extracts, essences and concentrates of coffee",Türkiye,TUR,2141024.63,377525.0
2020,210111,"Extracts, essences and concentrates of coffee",Japan,JPN,1679831.25,173101.82
2020,210111,"Extracts, essences and concentrates of coffee",Mexico,MEX,1431423.74,287625.0
2020,210111,"Extracts, essences and concentrates of coffee",Poland,POL,972337.9,201000.0
2020,210111,"Extracts, essences and concentrates of coffee",Netherlands,NLD,924022.13,130300.0
2020,210111,"Extracts, essences and concentrates of coffee",Ukraine,UKR,556931.7,83750.0
2020,210111,"Extracts, essences and concentrates of coffee","Other Asia, nes",S19,550484.6,52500.0
2020,210111,"Extracts, essences and concentrates of coffee",Estonia,EST,506687.5,83750.0
2020,210111,"Extracts, essences and concentrates of coffee",Rep. of Korea,KOR,405328.05,37500.0
2020,210111,"Extracts, essences and concentrates of coffee",Italy,ITA,334050.0,49000.0
2020,210111,"Extracts, essences and concentrates of coffee",United Arab Emirates,ARE,304850.0,50250.0
2020,210111,"Extracts, essences and concentrates of coffee",Syria,SYR,304500.0,75000.0
2020,210111,"Extracts, essences and concentrates of coffee",Czechia,CZE,144000.0,30000.0
2020,210111,"Extracts, essences and concentrates of coffee",China,CHN,141615.18,19575.0
2020,210111,"Extracts, essences and concentrates of coffee",Egypt,EGY,63265.0,15000.0
2020,210111,"Extracts, essences and concentrates of coffee",Dominican Rep.,DOM,61126.0,6500.0
2020,210111,"Extracts, essences and concentrates of coffee",USA,USA,50966.92,1495.26
2020,210111,"Extracts, essences and concentrates of coffee",South Africa,ZAF,46980.0,6525.0
2020,210111,"Extracts, essences and concentrates of coffee",Pakistan,PAK,35325.0,6500.0
2020,210111,"Extracts, essences and concentrates of coffee",Canada,CAN,12976.72,646.82
2020,210111,"Extracts, essences and concentrates of coffee",Paraguay,PRY,1406.88,39.56
2020,210112,Preparations based on extracts/essences/concentrates of coffee,USA,USA,23055.0,3969.48
2020,210112,Preparations based on extracts/essences/concentrates of coffee,Panama,PAN,1257.0,60.0
2021,090111,"Coffee, not roasted, not decaffeinated (green Arabica/Robusta unspecified)",Colombia,COL,7461963.33,2827076.4
2021,090111,"Coffee, not roasted, not decaffeinated (green Arabica/Robusta unspecified)",USA,USA,1905870.21,215350.55
2021,090111,"Coffee, not roasted, not decaffeinated (green Arabica/Robusta unspecified)",France,FRA,1499678.99,260201.0
2021,090111,"Coffee, not roasted, not decaffeinated (green Arabica/Robusta unspecified)",Germany,DEU,1441742.33,167091.81
2021,090111,"Coffee, not roasted, not decaffeinated (green Arabica/Robusta unspecified)",Japan,JPN,705073.65,80322.71
2021,090111,"Coffee, not roasted, not decaffeinated (green Arabica/Robusta unspecified)",Chile,CHL,609800.36,159360.0
2021,090111,"Coffee, not roasted, not decaffeinated (green Arabica/Robusta unspecified)",China,CHN,249484.38,8820.71
2021,090111,"Coffee, not roasted, not decaffeinated (green Arabica/Robusta unspecified)",Australia,AUS,245969.52,27375.0
2021,090111,"Coffee, not roasted, not decaffeinated (green Arabica/Robusta unspecified)",United Kingdom,GBR,208880.02,14865.0
2021,090111,"Coffee, not roasted, not decaffeinated (green Arabica/Robusta unspecified)","Other Asia, nes",S19,161602.52,11861.85
2021,090111,"Coffee, not roasted, not decaffeinated (green Arabica/Robusta unspecified)",Cuba,CUB,158977.99,73500.0
2021,090111,"Coffee, not roasted, not decaffeinated (green Arabica/Robusta unspecified)",Rep. of Korea,KOR,96180.28,6974.04
2021,090111,"Coffee, not roasted, not decaffeinated (green Arabica/Robusta unspecified)",Canada,CAN,51135.64,4256.43
2021,090111,"Coffee, not roasted, not decaffeinated (green Arabica/Robusta unspecified)",Switzerland,CHE,37943.24,2640.0
2021,090111,"Coffee, not roasted, not decaffeinated (green Arabica/Robusta unspecified)",Netherlands,NLD,26903.55,3516.0
2021,090111,"Coffee, not roasted, not decaffeinated (green Arabica/Robusta unspecified)",United Arab Emirates,ARE,19292.0,2130.0
2021,090111,"Coffee, not roasted, not decaffeinated (green Arabica/Robusta unspecified)",Denmark,DNK,14230.82,750.0
2021,090111,"Coffee, not roasted, not decaffeinated (green Arabica/Robusta unspecified)",Spain,ESP,7557.28,688.0
2021,090111,"Coffee, not roasted, not decaffeinated (green Arabica/Robusta unspecified)",Czechia,CZE,5900.0,1000.0
2021,090111,"Coffee, not roasted, not decaffeinated (green Arabica/Robusta unspecified)",Finland,FIN,5426.46,250.0
2021,090111,"Coffee, not roasted, not decaffeinated (green Arabica/Robusta unspecified)",Singapore,SGP,4541.78,350.0
2021,090111,"Coffee, not roasted, not decaffeinated (green Arabica/Robusta unspecified)",Argentina,ARG,4130.0,500.0
2021,090111,"Coffee, not roasted, not decaffeinated (green Arabica/Robusta unspecified)",Greece,GRC,960.75,62.25
2021,090111,"Coffee, not roasted, not decaffeinated (green Arabica/Robusta unspecified)",Panama,PAN,35.5,1.2
2021,090111,"Coffee, not roasted, not decaffeinated (green Arabica/Robusta unspecified)",Russian Federation,RUS,4.0,9.0
2021,090112,"Coffee, not roasted, decaffeinated",Chile,CHL,14268.8,1715.0
2021,090112,"Coffee, not roasted, decaffeinated",Canada,CAN,8100.0,849.15
2021,090112,"Coffee, not roasted, decaffeinated",Panama,PAN,24.0,5.0
2021,090121,"Coffee, roasted, not decaffeinated",Chile,CHL,990842.2,148020.0
2021,090121,"Coffee, roasted, not decaffeinated",Switzerland,CHE,217393.0,10373.2
2021,090121,"Coffee, roasted, not decaffeinated",USA,USA,107206.33,11742.23
2021,090121,"Coffee, roasted, not decaffeinated",Panama,PAN,9397.6,1353.3
2021,090121,"Coffee, roasted, not decaffeinated",Canada,CAN,8490.0,776.0
2021,090121,"Coffee, roasted, not decaffeinated",Paraguay,PRY,5363.61,322.1
2021,090121,"Coffee, roasted, not decaffeinated",Türkiye,TUR,2571.56,212.0
2021,090121,"Coffee, roasted, not decaffeinated",Germany,DEU,2200.0,200.0
2021,090121,"Coffee, roasted, not decaffeinated",Netherlands,NLD,1715.76,108.78
2021,090121,"Coffee, roasted, not decaffeinated",Italy,ITA,900.45,158.81
2021,090121,"Coffee, roasted, not decaffeinated",United Kingdom,GBR,614.4,54.0
2021,090121,"Coffee, roasted, not decaffeinated",Peru,PER,357.5,27.22
2021,090121,"Coffee, roasted, not decaffeinated",France,FRA,169.0,4.57
2021,090122,"Coffee, roasted, decaffeinated",Chile,CHL,107193.6,12380.0
2021,090122,"Coffee, roasted, decaffeinated",USA,USA,780.0,82.89
2021,090190,Coffee husks/skins; coffee substitutes containing coffee,USA,USA,69204.23,5267.08
2021,090190,Coffee husks/skins; coffee substitutes containing coffee,Italy,ITA,5136.0,551.37
2021,090190,Coffee husks/skins; coffee substitutes containing coffee,Panama,PAN,902.0,60.84
2021,090190,Coffee husks/skins; coffee substitutes containing coffee,Paraguay,PRY,874.82,96.61
2021,090190,Coffee husks/skins; coffee substitutes containing coffee,France,FRA,150.0,4.57
2021,210111,"Extracts, essences and concentrates of coffee",Russian Federation,RUS,16665401.25,2937320.0
2021,210111,"Extracts, essences and concentrates of coffee",Germany,DEU,11391219.24,2049820.0
2021,210111,"Extracts, essences and concentrates of coffee",Poland,POL,10554818.55,2217750.0
2021,210111,"Extracts, essences and concentrates of coffee",Peru,PER,5306811.32,344822.98
2021,210111,"Extracts, essences and concentrates of coffee",Belgium,BEL,3065740.0,449275.0
2021,210111,"Extracts, essences and concentrates of coffee",Colombia,COL,2781411.43,465160.0
2021,210111,"Extracts, essences and concentrates of coffee",Türkiye,TUR,2612895.37,503581.0
2021,210111,"Extracts, essences and concentrates of coffee",Japan,JPN,2392325.55,237815.8
2021,210111,"Extracts, essences and concentrates of coffee",United Arab Emirates,ARE,1528284.47,242300.0
2021,210111,"Extracts, essences and concentrates of coffee",Netherlands,NLD,1083254.36,150750.0
2021,210111,"Extracts, essences and concentrates of coffee",United Kingdom,GBR,948193.13,134000.0
2021,210111,"Extracts, essences and concentrates of coffee",Mexico,MEX,711000.0,225000.0
2021,210111,"Extracts, essences and concentrates of coffee","Other Asia, nes",S19,588605.9,56340.0
2021,210111,"Extracts, essences and concentrates of coffee",Ukraine,UKR,485855.34,67000.0
2021,210111,"Extracts, essences and concentrates of coffee",China,CHN,415033.43,56775.0
2021,210111,"Extracts, essences and concentrates of coffee",Brazil,BRA,405216.0,60480.0
2021,210111,"Extracts, essences and concentrates of coffee",USA,USA,179779.79,37852.68
2021,210111,"Extracts, essences and concentrates of coffee",Czechia,CZE,154500.0,30000.0
2021,210111,"Extracts, essences and concentrates of coffee",Estonia,EST,140700.0,16750.0
2021,210111,"Extracts, essences and concentrates of coffee",Rep. of Korea,KOR,120320.0,12751.08
2021,210111,"Extracts, essences and concentrates of coffee",Italy,ITA,114914.75,13384.0
2021,210111,"Extracts, essences and concentrates of coffee",Canada,CAN,6488.36,322.63
2021,210111,"Extracts, essences and concentrates of coffee",Paraguay,PRY,700.0,32.21
2021,210112,Preparations based on extracts/essences/concentrates of coffee,USA,USA,35230.39,4181.85
2021,210112,Preparations based on extracts/essences/concentrates of coffee,Panama,PAN,2514.0,120.0
2021,210112,Preparations based on extracts/essences/concentrates of coffee,United Kingdom,GBR,32.75,1.88
2021,210112,Preparations based on extracts/essences/concentrates of coffee,Netherlands,NLD,3.6,0.13
2022,090111,"Coffee, not roasted, not decaffeinated (green Arabica/Robusta unspecified)",Colombia,COL,16005751.5,4218650.0
2022,090111,"Coffee, not roasted, not decaffeinated (green Arabica/Robusta unspecified)",USA,USA,2204752.0,224979.3
2022,090111,"Coffee, not roasted, not decaffeinated (green Arabica/Robusta unspecified)",Belgium,BEL,1630335.4,113538.0
2022,090111,"Coffee, not roasted, not decaffeinated (green Arabica/Robusta unspecified)",France,FRA,1420592.0,224130.0
2022,090111,"Coffee, not roasted, not decaffeinated (green Arabica/Robusta unspecified)",Japan,JPN,1285503.0,133905.8
2022,090111,"Coffee, not roasted, not decaffeinated (green Arabica/Robusta unspecified)",Chile,CHL,1200830.4,238185.0
2022,090111,"Coffee, not roasted, not decaffeinated (green Arabica/Robusta unspecified)",Germany,DEU,907117.4,124537.3
2022,090111,"Coffee, not roasted, not decaffeinated (green Arabica/Robusta unspecified)",Australia,AUS,541640.9,45260.5
2022,090111,"Coffee, not roasted, not decaffeinated (green Arabica/Robusta unspecified)",China,CHN,478991.6,36875.6
2022,090111,"Coffee, not roasted, not decaffeinated (green Arabica/Robusta unspecified)",Canada,CAN,401558.7,47544.1
2022,090111,"Coffee, not roasted, not decaffeinated (green Arabica/Robusta unspecified)",Italy,ITA,228000.0,34500.0
2022,090111,"Coffee, not roasted, not decaffeinated (green Arabica/Robusta unspecified)","Other Asia, nes",S19,138348.6,7127.1
2022,090111,"Coffee, not roasted, not decaffeinated (green Arabica/Robusta unspecified)",United Kingdom,GBR,129882.1,11838.2
2022,090111,"Coffee, not roasted, not decaffeinated (green Arabica/Robusta unspecified)",Greece,GRC,123122.9,19166.1
2022,090111,"Coffee, not roasted, not decaffeinated (green Arabica/Robusta unspecified)",Rep. of Korea,KOR,107504.0,3989.2
2022,090111,"Coffee, not roasted, not decaffeinated (green Arabica/Robusta unspecified)",Switzerland,CHE,39990.0,2564.0
2022,090111,"Coffee, not roasted, not decaffeinated (green Arabica/Robusta unspecified)",Denmark,DNK,33587.3,2000.0
2022,090111,"Coffee, not roasted, not decaffeinated (green Arabica/Robusta unspecified)",United Arab Emirates,ARE,18688.5,2317.0
2022,090111,"Coffee, not roasted, not decaffeinated (green Arabica/Robusta unspecified)",Singapore,SGP,18235.6,524.0
2022,090111,"Coffee, not roasted, not decaffeinated (green Arabica/Robusta unspecified)",Netherlands,NLD,13539.0,1716.0
2022,090111,"Coffee, not roasted, not decaffeinated (green Arabica/Robusta unspecified)","China, Hong Kong SAR",HKG,9256.0,192.0
2022,090111,"Coffee, not roasted, not decaffeinated (green Arabica/Robusta unspecified)",Czechia,CZE,4899.5,560.0
2022,090111,"Coffee, not roasted, not decaffeinated (green Arabica/Robusta unspecified)",Türkiye,TUR,4260.0,200.0
2022,090111,"Coffee, not roasted, not decaffeinated (green Arabica/Robusta unspecified)",Kazakhstan,KAZ,1045.5,101.4
2022,090111,"Coffee, not roasted, not decaffeinated (green Arabica/Robusta unspecified)",Thailand,THA,244.5,10.0
2022,090112,"Coffee, not roasted, decaffeinated",Chile,CHL,37980.0,4500.0
2022,090121,"Coffee, roasted, not decaffeinated",Chile,CHL,713461.8,110757.4
2022,090121,"Coffee, roasted, not decaffeinated",France,FRA,173228.4,15915.0
2022,090121,"Coffee, roasted, not decaffeinated",Switzerland,CHE,117551.0,5476.4
2022,090121,"Coffee, roasted, not decaffeinated",USA,USA,110495.4,9771.7
2022,090121,"Coffee, roasted, not decaffeinated","Other Asia, nes",S19,47494.3,2593.0
2022,090121,"Coffee, roasted, not decaffeinated",United Kingdom,GBR,25375.8,1390.0
2022,090121,"Coffee, roasted, not decaffeinated",Panama,PAN,24168.3,3299.7
2022,090121,"Coffee, roasted, not decaffeinated",Australia,AUS,21096.7,281.3
2022,090121,"Coffee, roasted, not decaffeinated",Canada,CAN,2784.0,217.0
2022,090121,"Coffee, roasted, not decaffeinated",Netherlands,NLD,848.9,56.0
2022,090121,"Coffee, roasted, not decaffeinated","China, Hong Kong SAR",HKG,600.6,53.1
2022,090121,"Coffee, roasted, not decaffeinated",Norway,NOR,129.0,6.4
2022,090122,"Coffee, roasted, decaffeinated",Chile,CHL,34880.0,4000.0
2022,090122,"Coffee, roasted, decaffeinated",Panama,PAN,31.2,1.5
2022,090190,Coffee husks/skins; coffee substitutes containing coffee,USA,USA,95976.4,10417.6
2022,090190,Coffee husks/skins; coffee substitutes containing coffee,"China, Hong Kong SAR",HKG,457.8,25.2
2022,210111,"Extracts, essences and concentrates of coffee",Germany,DEU,32309634.6,3662130.0
2022,210111,"Extracts, essences and concentrates of coffee",Russian Federation,RUS,13948515.3,1831660.0
2022,210111,"Extracts, essences and concentrates of coffee",Poland,POL,8742672.5,1055250.0
2022,210111,"Extracts, essences and concentrates of coffee",USA,USA,8485991.0,909078.1
2022,210111,"Extracts, essences and concentrates of coffee",Peru,PER,7966523.9,535127.4
2022,210111,"Extracts, essences and concentrates of coffee",Colombia,COL,6696584.7,888482.4
2022,210111,"Extracts, essences and concentrates of coffee",United Kingdom,GBR,6225884.6,670400.0
2022,210111,"Extracts, essences and concentrates of coffee",Finland,FIN,4950187.5,619750.0
2022,210111,"Extracts, essences and concentrates of coffee",Spain,ESP,2884791.1,376760.0
2022,210111,"Extracts, essences and concentrates of coffee",Belgium,BEL,2425362.0,280070.0
2022,210111,"Extracts, essences and concentrates of coffee",Netherlands,NLD,2376041.2,251250.0
2022,210111,"Extracts, essences and concentrates of coffee",United Arab Emirates,ARE,1726093.8,231025.0
2022,210111,"Extracts, essences and concentrates of coffee",Japan,JPN,1428966.8,118000.0
2022,210111,"Extracts, essences and concentrates of coffee",Türkiye,TUR,1304268.6,235225.0
2022,210111,"Extracts, essences and concentrates of coffee",Mexico,MEX,1187525.0,260250.0
2022,210111,"Extracts, essences and concentrates of coffee",Rep. of Korea,KOR,582967.7,48850.0
2022,210111,"Extracts, essences and concentrates of coffee","Other Asia, nes",S19,569665.6,44000.0
2022,210111,"Extracts, essences and concentrates of coffee",China,CHN,568592.2,67000.0
2022,210111,"Extracts, essences and concentrates of coffee",Ukraine,UKR,399316.0,50250.0
2022,210111,"Extracts, essences and concentrates of coffee",Georgia,GEO,241534.4,32995.0
2022,210111,"Extracts, essences and concentrates of coffee",Czechia,CZE,205500.0,30000.0
2022,210111,"Extracts, essences and concentrates of coffee",Lebanon,LBN,116500.0,30000.0
2022,210111,"Extracts, essences and concentrates of coffee",Italy,ITA,109900.0,10000.0
2022,210111,"Extracts, essences and concentrates of coffee",Greece,GRC,104371.0,13050.0
2022,210111,"Extracts, essences and concentrates of coffee",Estonia,EST,60732.5,15000.0
2022,210111,"Extracts, essences and concentrates of coffee",Chile,CHL,48859.2,2808.0
2022,210111,"Extracts, essences and concentrates of coffee",South Africa,ZAF,9000.0,1000.0
2022,210111,"Extracts, essences and concentrates of coffee",Israel,ISR,25.1,53.0
2022,210111,"Extracts, essences and concentrates of coffee",Panama,PAN,17.4,12.2
2022,210112,Preparations based on extracts/essences/concentrates of coffee,USA,USA,5618.0,441.7
2022,210112,Preparations based on extracts/essences/concentrates of coffee,Netherlands,NLD,6.3,2.7
2023,090111,"Coffee, not roasted, not decaffeinated (green Arabica/Robusta unspecified)",Colombia,COL,2942871.6,0.0
2023,090111,"Coffee, not roasted, not decaffeinated (green Arabica/Robusta unspecified)",USA,USA,1997754.8,0.0
2023,090111,"Coffee, not roasted, not decaffeinated (green Arabica/Robusta unspecified)",Germany,DEU,1498649.6,0.0
2023,090111,"Coffee, not roasted, not decaffeinated (green Arabica/Robusta unspecified)",France,FRA,1449246.9,0.0
2023,090111,"Coffee, not roasted, not decaffeinated (green Arabica/Robusta unspecified)",Japan,JPN,1352209.4,0.0
2023,090111,"Coffee, not roasted, not decaffeinated (green Arabica/Robusta unspecified)",China,CHN,505797.8,0.0
2023,090111,"Coffee, not roasted, not decaffeinated (green Arabica/Robusta unspecified)",Canada,CAN,243689.3,0.0
2023,090111,"Coffee, not roasted, not decaffeinated (green Arabica/Robusta unspecified)",Netherlands,NLD,236796.7,0.0
2023,090111,"Coffee, not roasted, not decaffeinated (green Arabica/Robusta unspecified)",Rep. of Korea,KOR,161276.9,0.0
2023,090111,"Coffee, not roasted, not decaffeinated (green Arabica/Robusta unspecified)",Italy,ITA,152000.0,0.0
2023,090111,"Coffee, not roasted, not decaffeinated (green Arabica/Robusta unspecified)",United Kingdom,GBR,148036.5,0.0
2023,090111,"Coffee, not roasted, not decaffeinated (green Arabica/Robusta unspecified)",Australia,AUS,140690.6,0.0
2023,090111,"Coffee, not roasted, not decaffeinated (green Arabica/Robusta unspecified)",Denmark,DNK,126437.4,0.0
2023,090111,"Coffee, not roasted, not decaffeinated (green Arabica/Robusta unspecified)","Other Asia, nes",S19,114013.9,0.0
2023,090111,"Coffee, not roasted, not decaffeinated (green Arabica/Robusta unspecified)",Cuba,CUB,84000.0,0.0
2023,090111,"Coffee, not roasted, not decaffeinated (green Arabica/Robusta unspecified)","China, Hong Kong SAR",HKG,31976.7,0.0
2023,090111,"Coffee, not roasted, not decaffeinated (green Arabica/Robusta unspecified)",United Arab Emirates,ARE,22456.0,0.0
2023,090111,"Coffee, not roasted, not decaffeinated (green Arabica/Robusta unspecified)",New Zealand,NZL,21333.6,0.0
2023,090111,"Coffee, not roasted, not decaffeinated (green Arabica/Robusta unspecified)",Chile,CHL,19020.7,0.0
2023,090111,"Coffee, not roasted, not decaffeinated (green Arabica/Robusta unspecified)",Singapore,SGP,16972.4,0.0
2023,090111,"Coffee, not roasted, not decaffeinated (green Arabica/Robusta unspecified)",Czechia,CZE,16125.0,0.0
2023,090111,"Coffee, not roasted, not decaffeinated (green Arabica/Robusta unspecified)",Switzerland,CHE,9700.7,0.0
2023,090111,"Coffee, not roasted, not decaffeinated (green Arabica/Robusta unspecified)",Sweden,SWE,9246.1,0.0
2023,090111,"Coffee, not roasted, not decaffeinated (green Arabica/Robusta unspecified)",South Africa,ZAF,5006.0,0.0
2023,090111,"Coffee, not roasted, not decaffeinated (green Arabica/Robusta unspecified)",Georgia,GEO,1073.0,0.0
2023,090111,"Coffee, not roasted, not decaffeinated (green Arabica/Robusta unspecified)",Qatar,QAT,175.2,0.0
2023,090112,"Coffee, not roasted, decaffeinated",Chile,CHL,25916.0,0.0
2023,090121,"Coffee, roasted, not decaffeinated",Chile,CHL,922450.1,82947.82
2023,090121,"Coffee, roasted, not decaffeinated",USA,USA,86002.9,7825.52
2023,090121,"Coffee, roasted, not decaffeinated","China, Hong Kong SAR",HKG,31643.7,0.0
2023,090121,"Coffee, roasted, not decaffeinated",Japan,JPN,28108.7,0.0
2023,090121,"Coffee, roasted, not decaffeinated",United Kingdom,GBR,10018.0,0.0
2023,090121,"Coffee, roasted, not decaffeinated",Ireland,IRL,5732.4,0.0
2023,090121,"Coffee, roasted, not decaffeinated",Kyrgyzstan,KGZ,3687.5,0.0
2023,090121,"Coffee, roasted, not decaffeinated",Spain,ESP,3224.2,0.0
2023,090121,"Coffee, roasted, not decaffeinated",Panama,PAN,2648.0,0.0
2023,090121,"Coffee, roasted, not decaffeinated",Qatar,QAT,824.0,0.0
2023,090121,"Coffee, roasted, not decaffeinated",Georgia,GEO,424.8,0.0
2023,090121,"Coffee, roasted, not decaffeinated",Netherlands,NLD,420.0,0.0
2023,090122,"Coffee, roasted, decaffeinated",Chile,CHL,66462.0,8.32
2023,090190,Coffee husks/skins; coffee substitutes containing coffee,USA,USA,109300.9,13.07
2023,090190,Coffee husks/skins; coffee substitutes containing coffee,Peru,PER,6720.0,0.0
2023,090190,Coffee husks/skins; coffee substitutes containing coffee,Rep. of Korea,KOR,951.9,0.11
2023,090190,Coffee husks/skins; coffee substitutes containing coffee,United Kingdom,GBR,21.1,0.0
2023,210111,"Extracts, essences and concentrates of coffee",Germany,DEU,31753829.3,0.0
2023,210111,"Extracts, essences and concentrates of coffee",Russian Federation,RUS,19101931.1,0.0
2023,210111,"Extracts, essences and concentrates of coffee",Poland,POL,13168758.5,0.0
2023,210111,"Extracts, essences and concentrates of coffee",Peru,PER,10334712.3,0.0
2023,210111,"Extracts, essences and concentrates of coffee",Colombia,COL,8788686.7,0.0
2023,210111,"Extracts, essences and concentrates of coffee",Spain,ESP,7058973.6,0.0
2023,210111,"Extracts, essences and concentrates of coffee",USA,USA,6740296.0,0.0
2023,210111,"Extracts, essences and concentrates of coffee",Estonia,EST,5542735.2,0.0
2023,210111,"Extracts, essences and concentrates of coffee",United Kingdom,GBR,3527901.5,0.0
2023,210111,"Extracts, essences and concentrates of coffee",United Arab Emirates,ARE,2286974.9,0.0
2023,210111,"Extracts, essences and concentrates of coffee",Belgium,BEL,1722415.0,0.0
2023,210111,"Extracts, essences and concentrates of coffee",Netherlands,NLD,1240290.3,0.0
2023,210111,"Extracts, essences and concentrates of coffee",China,CHN,1026506.3,0.0
2023,210111,"Extracts, essences and concentrates of coffee",Türkiye,TUR,1025425.3,58074.92
2023,210111,"Extracts, essences and concentrates of coffee",Mexico,MEX,844982.5,248.8
2023,210111,"Extracts, essences and concentrates of coffee",Chile,CHL,650884.4,44322.5
2023,210111,"Extracts, essences and concentrates of coffee",Japan,JPN,578781.1,0.0
2023,210111,"Extracts, essences and concentrates of coffee",Rep. of Korea,KOR,541789.4,0.0
2023,210111,"Extracts, essences and concentrates of coffee",Viet Nam,VNM,434377.5,0.0
2023,210111,"Extracts, essences and concentrates of coffee",India,IND,417912.5,0.0
2023,210111,"Extracts, essences and concentrates of coffee","Other Asia, nes",S19,353335.4,0.0
2023,210111,"Extracts, essences and concentrates of coffee",Italy,ITA,234112.5,0.0
2023,210111,"Extracts, essences and concentrates of coffee",Czechia,CZE,212250.0,0.0
2023,210111,"Extracts, essences and concentrates of coffee",Philippines,PHL,197529.6,0.0
2023,210111,"Extracts, essences and concentrates of coffee",Malaysia,MYS,182800.0,0.0
2023,210111,"Extracts, essences and concentrates of coffee",Greece,GRC,58387.5,0.0
2023,210111,"Extracts, essences and concentrates of coffee",Cuba,CUB,38.3,0.01
2023,210112,Preparations based on extracts/essences/concentrates of coffee,USA,USA,13147.5,522.08
2023,210112,Preparations based on extracts/essences/concentrates of coffee,Peru,PER,11729.0,0.0
2024,090111,"Coffee, not roasted, not decaffeinated (green Arabica/Robusta unspecified)",Chile,CHL,1722847.52,384100.0
2024,090111,"Coffee, not roasted, not decaffeinated (green Arabica/Robusta unspecified)",France,FRA,1581145.15,217361.0
2024,090111,"Coffee, not roasted, not decaffeinated (green Arabica/Robusta unspecified)",USA,USA,1412208.63,110185.94
2024,090111,"Coffee, not roasted, not decaffeinated (green Arabica/Robusta unspecified)",Colombia,COL,1367386.2,385550.0
2024,090111,"Coffee, not roasted, not decaffeinated (green Arabica/Robusta unspecified)",Japan,JPN,1239965.26,125709.8
2024,090111,"Coffee, not roasted, not decaffeinated (green Arabica/Robusta unspecified)",Rep. of Korea,KOR,521136.36,160191.0
2024,090111,"Coffee, not roasted, not decaffeinated (green Arabica/Robusta unspecified)",China,CHN,471735.85,15713.77
2024,090111,"Coffee, not roasted, not decaffeinated (green Arabica/Robusta unspecified)",Germany,DEU,462528.01,57972.78
2024,090111,"Coffee, not roasted, not decaffeinated (green Arabica/Robusta unspecified)",Netherlands,NLD,390021.48,42488.5
2024,090111,"Coffee, not roasted, not decaffeinated (green Arabica/Robusta unspecified)","Other Asia, nes",S19,312210.7,17221.8
2024,090111,"Coffee, not roasted, not decaffeinated (green Arabica/Robusta unspecified)",Australia,AUS,267310.21,18029.0
2024,090111,"Coffee, not roasted, not decaffeinated (green Arabica/Robusta unspecified)",Belgium,BEL,233155.52,11638.5
2024,090111,"Coffee, not roasted, not decaffeinated (green Arabica/Robusta unspecified)",Russian Federation,RUS,190281.0,47050.0
2024,090111,"Coffee, not roasted, not decaffeinated (green Arabica/Robusta unspecified)",Canada,CAN,167666.14,14454.0
2024,090111,"Coffee, not roasted, not decaffeinated (green Arabica/Robusta unspecified)",United Kingdom,GBR,150309.54,11322.0
2024,090111,"Coffee, not roasted, not decaffeinated (green Arabica/Robusta unspecified)","China, Hong Kong SAR",HKG,33113.22,2365.0
2024,090111,"Coffee, not roasted, not decaffeinated (green Arabica/Robusta unspecified)",Malaysia,MYS,18480.0,280.0
2024,090111,"Coffee, not roasted, not decaffeinated (green Arabica/Robusta unspecified)",United Arab Emirates,ARE,13200.0,200.0
2024,090111,"Coffee, not roasted, not decaffeinated (green Arabica/Robusta unspecified)",Latvia,LVA,12390.0,1300.0
2024,090111,"Coffee, not roasted, not decaffeinated (green Arabica/Robusta unspecified)",Czechia,CZE,11600.0,2080.0
2024,090111,"Coffee, not roasted, not decaffeinated (green Arabica/Robusta unspecified)",Singapore,SGP,9570.0,150.0
2024,090111,"Coffee, not roasted, not decaffeinated (green Arabica/Robusta unspecified)",Saudi Arabia,SAU,9000.0,220.0
2024,090111,"Coffee, not roasted, not decaffeinated (green Arabica/Robusta unspecified)",Denmark,DNK,8730.24,120.0
2024,090111,"Coffee, not roasted, not decaffeinated (green Arabica/Robusta unspecified)",Switzerland,CHE,7216.1,770.63
2024,090111,"Coffee, not roasted, not decaffeinated (green Arabica/Robusta unspecified)",Norway,NOR,6745.59,150.0
2024,090111,"Coffee, not roasted, not decaffeinated (green Arabica/Robusta unspecified)",Kuwait,KWT,6135.4,150.0
2024,090111,"Coffee, not roasted, not decaffeinated (green Arabica/Robusta unspecified)",Greece,GRC,4008.0,120.0
2024,090112,"Coffee, not roasted, decaffeinated",Chile,CHL,55360.0,6550.0
2024,090112,"Coffee, not roasted, decaffeinated",Netherlands,NLD,6210.0,540.0
2024,090112,"Coffee, not roasted, decaffeinated",USA,USA,2779.68,210.78
2024,090121,"Coffee, roasted, not decaffeinated",Chile,CHL,1106184.2,163076.0
2024,090121,"Coffee, roasted, not decaffeinated",USA,USA,87226.15,8782.96
2024,090121,"Coffee, roasted, not decaffeinated",France,FRA,49603.75,6250.0
2024,090121,"Coffee, roasted, not decaffeinated","China, Hong Kong SAR",HKG,39415.42,3633.0
2024,090121,"Coffee, roasted, not decaffeinated",Japan,JPN,36092.93,1565.0
2024,090121,"Coffee, roasted, not decaffeinated",Rep. of Korea,KOR,25225.86,1120.0
2024,090121,"Coffee, roasted, not decaffeinated",Canada,CAN,24000.0,4320.0
2024,090121,"Coffee, roasted, not decaffeinated",Spain,ESP,14551.88,750.0
2024,090121,"Coffee, roasted, not decaffeinated",Ireland,IRL,11300.0,920.0
2024,090121,"Coffee, roasted, not decaffeinated",Austria,AUT,3890.83,116.5
2024,090121,"Coffee, roasted, not decaffeinated",Switzerland,CHE,2232.0,156.37
2024,090121,"Coffee, roasted, not decaffeinated","Other Asia, nes",S19,2160.0,60.0
2024,090121,"Coffee, roasted, not decaffeinated",China,CHN,2034.0,120.0
2024,090121,"Coffee, roasted, not decaffeinated",Uruguay,URY,1390.4,51.52
2024,090121,"Coffee, roasted, not decaffeinated",Netherlands,NLD,400.0,20.0
2024,090121,"Coffee, roasted, not decaffeinated",Russian Federation,RUS,229.5,14.76
2024,090122,"Coffee, roasted, decaffeinated",Spain,ESP,2477.0,240.0
2024,090190,Coffee husks/skins; coffee substitutes containing coffee,USA,USA,68817.53,5975.22
2024,090190,Coffee husks/skins; coffee substitutes containing coffee,Chile,CHL,26880.0,1105.92
2024,090190,Coffee husks/skins; coffee substitutes containing coffee,Poland,POL,141.2,40.0
2024,210111,"Extracts, essences and concentrates of coffee",Germany,DEU,42047889.69,4146250.0
2024,210111,"Extracts, essences and concentrates of coffee",Netherlands,NLD,12948647.5,1148780.0
2024,210111,"Extracts, essences and concentrates of coffee",USA,USA,12208728.08,1145690.3
2024,210111,"Extracts, essences and concentrates of coffee",Colombia,COL,11280618.9,1213590.0
2024,210111,"Extracts, essences and concentrates of coffee",Poland,POL,9814299.0,950450.0
2024,210111,"Extracts, essences and concentrates of coffee",Russian Federation,RUS,7249772.7,831603.0
2024,210111,"Extracts, essences and concentrates of coffee",Peru,PER,6610925.2,437114.0
2024,210111,"Extracts, essences and concentrates of coffee",United Arab Emirates,ARE,3760054.53,438750.0
2024,210111,"Extracts, essences and concentrates of coffee",Estonia,EST,2541521.73,217750.0
2024,210111,"Extracts, essences and concentrates of coffee",Spain,ESP,2362303.15,222970.0
2024,210111,"Extracts, essences and concentrates of coffee",United Kingdom,GBR,2308533.09,200570.0
2024,210111,"Extracts, essences and concentrates of coffee",Türkiye,TUR,1489554.9,179000.0
2024,210111,"Extracts, essences and concentrates of coffee",Chile,CHL,1422251.64,70830.0
2024,210111,"Extracts, essences and concentrates of coffee",Czechia,CZE,947250.0,120000.0
2024,210111,"Extracts, essences and concentrates of coffee",Mexico,MEX,852308.5,158300.0
2024,210111,"Extracts, essences and concentrates of coffee",China,CHN,677850.68,63300.0
2024,210111,"Extracts, essences and concentrates of coffee",Japan,JPN,593838.45,45877.16
2024,210111,"Extracts, essences and concentrates of coffee",Malaysia,MYS,519683.62,40025.0
2024,210111,"Extracts, essences and concentrates of coffee",Rep. of Korea,KOR,437933.74,41275.0
2024,210111,"Extracts, essences and concentrates of coffee",New Zealand,NZL,400680.0,36000.0
2024,210111,"Extracts, essences and concentrates of coffee",Finland,FIN,279137.0,16750.0
2024,210111,"Extracts, essences and concentrates of coffee",Italy,ITA,247404.0,21300.0
2024,210111,"Extracts, essences and concentrates of coffee",Romania,ROU,216912.5,16750.0
2024,210111,"Extracts, essences and concentrates of coffee",Lebanon,LBN,215237.5,16750.0
2024,210111,"Extracts, essences and concentrates of coffee",Viet Nam,VNM,185925.0,16750.0
2024,210111,"Extracts, essences and concentrates of coffee",Tunisia,TUN,150750.0,16750.0
2024,210111,"Extracts, essences and concentrates of coffee",Philippines,PHL,95526.0,6750.0
2024,210111,"Extracts, essences and concentrates of coffee","Other Asia, nes",S19,87230.0,6500.0
2024,210111,"Extracts, essences and concentrates of coffee",Pakistan,PAK,83941.4,6488.0
2024,210111,"Extracts, essences and concentrates of coffee",Nicaragua,NIC,59400.0,6750.0
2024,210112,Preparations based on extracts/essences/concentrates of coffee,USA,USA,37545.44,8567.25
